Segment,Cable Size,Start Address,End Address,Item # (A/B/C…),Span (ft),Length (raw),Storage (ft),SP Page,CAD Checkbox (QC),Notes
HSP.01.03.01 144,144,5932 JOHNSON POND RD,(no spans found),ANCHOR,0,–,50,–,–,"Row 15 anchor — SPAN always 0, STORAGE always 50"
HSP.01.05.01 144,144,5932 JOHNSON POND RD,5929 JOHNSON POND RD,ANCHOR,0,–,50,–,–,"Row 15 anchor — SPAN always 0, STORAGE always 50"
HSP.01.05.01 144,144,5932 JOHNSON POND RD,5929 JOHNSON POND RD,A,197,197,50,1,144,
HSP.01.05.01 144,144,5932 JOHNSON POND RD,5929 JOHNSON POND RD,B,225,225,50,1,144,
HSP.01.05.01 144,144,5932 JOHNSON POND RD,5929 JOHNSON POND RD,C,54,54,50,1,BLANK,
HSP.01.05.01 144,144,5932 JOHNSON POND RD,5929 JOHNSON POND RD,D,11,11,50,1,144,
HSP.01.05.02 96,96,6016 JOHNSON POND RD,6016 JOHNSON POND RD,ANCHOR,0,–,50,–,–,"Row 15 anchor — SPAN always 0, STORAGE always 50"
HSP.01.05.02 96,96,6016 JOHNSON POND RD,6016 JOHNSON POND RD,E,336,336,50,3,96,
HSP.01.05.03 48,48,6016 SPICEWOOD DR,5800 JOHNSON POND RD,ANCHOR,0,–,50,–,–,"Row 15 anchor — SPAN always 0, STORAGE always 50"
HSP.01.05.03 48,48,6016 SPICEWOOD DR,5800 JOHNSON POND RD,A,498,498,50,3,96,⚠️ CHECKBOX MISMATCH
HSP.01.05.03 48,48,6016 SPICEWOOD DR,5800 JOHNSON POND RD,B,125,125,50,3,96,⚠️ CHECKBOX MISMATCH
HSP.01.05.03 48,48,6016 SPICEWOOD DR,5800 JOHNSON POND RD,C,58,58,50,3,96,⚠️ CHECKBOX MISMATCH
HSP.01.05.03 48,48,6016 SPICEWOOD DR,5800 JOHNSON POND RD,D,306,306,50,3,48,
HSP.01.05.03 48,48,6016 SPICEWOOD DR,5800 JOHNSON POND RD,F,408,408,50,3,96,⚠️ CHECKBOX MISMATCH
HSP.01.05.03 48,48,6016 SPICEWOOD DR,5800 JOHNSON POND RD,L,102,102,50,5,48,
HSP.01.05.03 48,48,6016 SPICEWOOD DR,5800 JOHNSON POND RD,M,114,114,50,5,48,
HSP.01.05.04 48,48,6041 TANNIBARK LN,6124 SPICEWOOD DR,ANCHOR,0,–,50,–,–,"Row 15 anchor — SPAN always 0, STORAGE always 50"
HSP.01.05.04 48,48,6041 TANNIBARK LN,6124 SPICEWOOD DR,A,233,233,50,32,48,
HSP.01.05.04 48,48,6041 TANNIBARK LN,6124 SPICEWOOD DR,B,42,42,50,32,BLANK,
HSP.01.05.04 48,48,6041 TANNIBARK LN,6124 SPICEWOOD DR,C,76,76,50,32,48,
HSP.01.05.04 48,48,6041 TANNIBARK LN,6124 SPICEWOOD DR,D,138,138,50,32,48,
HSP.01.05.04 48,48,6041 TANNIBARK LN,6124 SPICEWOOD DR,E,44,44,50,32,BLANK,
HSP.01.05.04 48,48,6041 TANNIBARK LN,6124 SPICEWOOD DR,F,139,139,50,32,BLANK,
HSP.01.05.04 48,48,6041 TANNIBARK LN,6124 SPICEWOOD DR,G,42,42,50,32,BLANK,
HSP.01.05.04 48,48,6041 TANNIBARK LN,6124 SPICEWOOD DR,H,152,152,50,32,48,
HSP.01.05.04 48,48,6041 TANNIBARK LN,6124 SPICEWOOD DR,I,174,174,50,32,48,
HSP.01.05.04 48,48,6041 TANNIBARK LN,6124 SPICEWOOD DR,J,180,180,50,32,48,
HSP.01.05.04 48,48,6041 TANNIBARK LN,6124 SPICEWOOD DR,K,22,22,50,32,48,
HSP.01.05.04 48,48,6041 TANNIBARK LN,6124 SPICEWOOD DR,L,69,69,50,32,BLANK,
HSP.01.05.04 48,48,6041 TANNIBARK LN,6124 SPICEWOOD DR,M,137,137,50,32,48,
HSP.01.05.04 48,48,6041 TANNIBARK LN,6124 SPICEWOOD DR,N,44,44,50,32,BLANK,
HSP.01.05.04 48,48,6041 TANNIBARK LN,6124 SPICEWOOD DR,O,172,172,50,32,48,
HSP.01.05.04 48,48,6041 TANNIBARK LN,6124 SPICEWOOD DR,P,83,83,50,32,BLANK,
HSP.01.05.04 48,48,6041 TANNIBARK LN,6124 SPICEWOOD DR,Q,34,34,50,32,BLANK,
HSP.01.05.05 48,48,5920 BRUSHY MEADOWS DR,5529 JOHNSON POND RD,ANCHOR,0,–,50,–,–,"Row 15 anchor — SPAN always 0, STORAGE always 50"
HSP.01.05.05 48,48,5920 BRUSHY MEADOWS DR,5529 JOHNSON POND RD,A,107,107,50,11,96,⚠️ CHECKBOX MISMATCH
HSP.01.05.05 48,48,5920 BRUSHY MEADOWS DR,5529 JOHNSON POND RD,A,38,38,50,6,48,
HSP.01.05.05 48,48,5920 BRUSHY MEADOWS DR,5529 JOHNSON POND RD,A,173,173,50,5,48,
HSP.01.05.05 48,48,5920 BRUSHY MEADOWS DR,5529 JOHNSON POND RD,B,255,255,15,5,96,⚠️ CHECKBOX MISMATCH
HSP.01.05.05 48,48,5920 BRUSHY MEADOWS DR,5529 JOHNSON POND RD,B,41,41,50,6,BLANK,
HSP.01.05.05 48,48,5920 BRUSHY MEADOWS DR,5529 JOHNSON POND RD,B,49,49,50,11,BLANK,
HSP.01.05.05 48,48,5920 BRUSHY MEADOWS DR,5529 JOHNSON POND RD,C,165,165,50,11,96,⚠️ CHECKBOX MISMATCH
HSP.01.05.05 48,48,5920 BRUSHY MEADOWS DR,5529 JOHNSON POND RD,C,256,256,50,5,96,⚠️ CHECKBOX MISMATCH
HSP.01.05.05 48,48,5920 BRUSHY MEADOWS DR,5529 JOHNSON POND RD,C,169,169,50,6,48,
HSP.01.05.05 48,48,5920 BRUSHY MEADOWS DR,5529 JOHNSON POND RD,D,31,31,50,11,96,⚠️ CHECKBOX MISMATCH
HSP.01.05.05 48,48,5920 BRUSHY MEADOWS DR,5529 JOHNSON POND RD,D,301,301,50,5,96,⚠️ CHECKBOX MISMATCH
HSP.01.05.05 48,48,5920 BRUSHY MEADOWS DR,5529 JOHNSON POND RD,E,89,89,50,5,BLANK,
HSP.01.05.05 48,48,5920 BRUSHY MEADOWS DR,5529 JOHNSON POND RD,E,51,51,50,11,BLANK,
HSP.01.05.05 48,48,5920 BRUSHY MEADOWS DR,5529 JOHNSON POND RD,F,202,202,50,5,48,
HSP.01.05.05 48,48,5920 BRUSHY MEADOWS DR,5529 JOHNSON POND RD,G,103,103,50,5,48,
HSP.01.05.05 48,48,5920 BRUSHY MEADOWS DR,5529 JOHNSON POND RD,H,69,69,50,5,48,
HSP.01.05.05 48,48,5920 BRUSHY MEADOWS DR,5529 JOHNSON POND RD,I,134,134,50,5,BLANK,
HSP.01.05.05 48,48,5920 BRUSHY MEADOWS DR,5529 JOHNSON POND RD,J,96,96,50,5,BLANK,
HSP.01.05.05 48,48,5920 BRUSHY MEADOWS DR,5529 JOHNSON POND RD,K,139,139,50,5,48,
HSP.01.05.06 48,48,5600 CREEKFALL LN,5757 BRUSHY MEADOWS DR,ANCHOR,0,–,50,–,–,"Row 15 anchor — SPAN always 0, STORAGE always 50"
HSP.01.05.06 48,48,5600 CREEKFALL LN,5757 BRUSHY MEADOWS DR,AA,120,120,50,6,BLANK,
HSP.01.05.06 48,48,5600 CREEKFALL LN,5757 BRUSHY MEADOWS DR,AB,99,99,50,6,BLANK,
HSP.01.05.06 48,48,5600 CREEKFALL LN,5757 BRUSHY MEADOWS DR,AC,105,105,50,6,48,
HSP.01.05.06 48,48,5600 CREEKFALL LN,5757 BRUSHY MEADOWS DR,AD,114,114,50,6,48,
HSP.01.05.06 48,48,5600 CREEKFALL LN,5757 BRUSHY MEADOWS DR,D,26,26,50,6,48,
HSP.01.05.06 48,48,5600 CREEKFALL LN,5757 BRUSHY MEADOWS DR,E,41,41,50,6,BLANK,
HSP.01.05.06 48,48,5600 CREEKFALL LN,5757 BRUSHY MEADOWS DR,F,161,161,50,6,48,
HSP.01.05.06 48,48,5600 CREEKFALL LN,5757 BRUSHY MEADOWS DR,G,22,22,50,6,48,
HSP.01.05.06 48,48,5600 CREEKFALL LN,5757 BRUSHY MEADOWS DR,H,45,45,50,6,48,
HSP.01.05.06 48,48,5600 CREEKFALL LN,5757 BRUSHY MEADOWS DR,I,211,211,50,6,48,
HSP.01.05.06 48,48,5600 CREEKFALL LN,5757 BRUSHY MEADOWS DR,J,41,41,50,6,BLANK,
HSP.01.05.06 48,48,5600 CREEKFALL LN,5757 BRUSHY MEADOWS DR,K,70,70,50,6,48,
HSP.01.05.06 48,48,5600 CREEKFALL LN,5757 BRUSHY MEADOWS DR,L,163,163,50,6,48,
HSP.01.05.06 48,48,5600 CREEKFALL LN,5757 BRUSHY MEADOWS DR,M,184,184,50,6,48,
HSP.01.05.06 48,48,5600 CREEKFALL LN,5757 BRUSHY MEADOWS DR,N,44,44,50,6,BLANK,
HSP.01.05.06 48,48,5600 CREEKFALL LN,5757 BRUSHY MEADOWS DR,O,101,101,50,6,BLANK,
HSP.01.05.06 48,48,5600 CREEKFALL LN,5757 BRUSHY MEADOWS DR,P,49,49,50,6,48,
HSP.01.05.06 48,48,5600 CREEKFALL LN,5757 BRUSHY MEADOWS DR,Q,117,117,50,6,48,
HSP.01.05.06 48,48,5600 CREEKFALL LN,5757 BRUSHY MEADOWS DR,R,63,63,50,6,48,
HSP.01.05.06 48,48,5600 CREEKFALL LN,5757 BRUSHY MEADOWS DR,S,41,41,50,6,BLANK,
HSP.01.05.06 48,48,5600 CREEKFALL LN,5757 BRUSHY MEADOWS DR,T,115,115,50,6,48,
HSP.01.05.06 48,48,5600 CREEKFALL LN,5757 BRUSHY MEADOWS DR,U,11,11,50,6,48,
HSP.01.05.06 48,48,5600 CREEKFALL LN,5757 BRUSHY MEADOWS DR,V,41,41,50,6,BLANK,
HSP.01.05.06 48,48,5600 CREEKFALL LN,5757 BRUSHY MEADOWS DR,W,169,169,50,6,48,
HSP.01.05.06 48,48,5600 CREEKFALL LN,5757 BRUSHY MEADOWS DR,X,93,93,50,6,48,
HSP.01.05.06 48,48,5600 CREEKFALL LN,5757 BRUSHY MEADOWS DR,Y,100,100,50,6,48,
HSP.01.05.06 48,48,5600 CREEKFALL LN,5757 BRUSHY MEADOWS DR,Z,152,152,50,6,BLANK,
HSP.01.05.07 48,48,5721 BRUSHY MEADOWS DR,5749 BRUSHY MEADOWS DR,ANCHOR,0,–,50,–,–,"Row 15 anchor — SPAN always 0, STORAGE always 50"
HSP.01.05.07 48,48,5721 BRUSHY MEADOWS DR,5749 BRUSHY MEADOWS DR,A,77,77,50,7,48,
HSP.01.05.07 48,48,5721 BRUSHY MEADOWS DR,5749 BRUSHY MEADOWS DR,A,187,187,50,8,48,
HSP.01.05.07 48,48,5721 BRUSHY MEADOWS DR,5749 BRUSHY MEADOWS DR,AE,227,227,50,6,48,
HSP.01.05.07 48,48,5721 BRUSHY MEADOWS DR,5749 BRUSHY MEADOWS DR,AF,44,44,50,6,BLANK,
HSP.01.05.07 48,48,5721 BRUSHY MEADOWS DR,5749 BRUSHY MEADOWS DR,AG,6,6,50,6,BLANK,
HSP.01.05.07 48,48,5721 BRUSHY MEADOWS DR,5749 BRUSHY MEADOWS DR,AH,185,185,50,6,48,
HSP.01.05.07 48,48,5721 BRUSHY MEADOWS DR,5749 BRUSHY MEADOWS DR,AI,32,32,50,6,BLANK,
HSP.01.05.07 48,48,5721 BRUSHY MEADOWS DR,5749 BRUSHY MEADOWS DR,B,171,171,50,7,48,
HSP.01.05.07 48,48,5721 BRUSHY MEADOWS DR,5749 BRUSHY MEADOWS DR,B,44,44,50,8,BLANK,
HSP.01.05.07 48,48,5721 BRUSHY MEADOWS DR,5749 BRUSHY MEADOWS DR,C,44,44,15,7,48,
HSP.01.05.07 48,48,5721 BRUSHY MEADOWS DR,5749 BRUSHY MEADOWS DR,D,156,156,50,7,48,
HSP.01.05.07 48,48,5721 BRUSHY MEADOWS DR,5749 BRUSHY MEADOWS DR,E,113,113,50,7,48,
HSP.01.05.07 48,48,5721 BRUSHY MEADOWS DR,5749 BRUSHY MEADOWS DR,F,44,44,50,7,48,
HSP.01.05.07 48,48,5721 BRUSHY MEADOWS DR,5749 BRUSHY MEADOWS DR,G,99,99,50,7,48,
HSP.01.05.07 48,48,5721 BRUSHY MEADOWS DR,5749 BRUSHY MEADOWS DR,H,90,90,50,7,48,
HSP.01.05.07 48,48,5721 BRUSHY MEADOWS DR,5749 BRUSHY MEADOWS DR,I,239,239,50,7,48,
HSP.01.05.07 48,48,5721 BRUSHY MEADOWS DR,5749 BRUSHY MEADOWS DR,J,164,164,50,7,48,
HSP.01.05.07 48,48,5721 BRUSHY MEADOWS DR,5749 BRUSHY MEADOWS DR,K,120,120,50,7,48,
HSP.01.05.07 48,48,5721 BRUSHY MEADOWS DR,5749 BRUSHY MEADOWS DR,L,59,59,50,7,BLANK,
HSP.01.05.07 48,48,5721 BRUSHY MEADOWS DR,5749 BRUSHY MEADOWS DR,M,35,35,50,7,BLANK,
HSP.01.05.07 48,48,5721 BRUSHY MEADOWS DR,5749 BRUSHY MEADOWS DR,N,41,41,50,7,BLANK,
HSP.01.05.07 48,48,5721 BRUSHY MEADOWS DR,5749 BRUSHY MEADOWS DR,O,82,82,50,7,BLANK,
HSP.01.05.07 48,48,5721 BRUSHY MEADOWS DR,5749 BRUSHY MEADOWS DR,P,82,82,50,7,BLANK,
HSP.01.05.07 48,48,5721 BRUSHY MEADOWS DR,5749 BRUSHY MEADOWS DR,Q,154,154,50,7,BLANK,
HSP.01.05.08 48,48,4620 BRUSHY MEADOWS DR,5524 BRUSHY MEADOWS DR,ANCHOR,0,–,50,–,–,"Row 15 anchor — SPAN always 0, STORAGE always 50"
HSP.01.05.08 48,48,4620 BRUSHY MEADOWS DR,5524 BRUSHY MEADOWS DR,A,122,122,50,9,48,
HSP.01.05.08 48,48,4620 BRUSHY MEADOWS DR,5524 BRUSHY MEADOWS DR,B,44,44,50,9,BLANK,
HSP.01.05.08 48,48,4620 BRUSHY MEADOWS DR,5524 BRUSHY MEADOWS DR,C,628,628,50,9,48,
HSP.01.05.08 48,48,4620 BRUSHY MEADOWS DR,5524 BRUSHY MEADOWS DR,C,212,212,50,8,48,
HSP.01.05.08 48,48,4620 BRUSHY MEADOWS DR,5524 BRUSHY MEADOWS DR,D,378,378,50,8,48,
HSP.01.05.08 48,48,4620 BRUSHY MEADOWS DR,5524 BRUSHY MEADOWS DR,E,193,193,50,8,BLANK,
HSP.01.05.08 48,48,4620 BRUSHY MEADOWS DR,5524 BRUSHY MEADOWS DR,F,47,47,50,8,BLANK,
HSP.01.05.08 48,48,4620 BRUSHY MEADOWS DR,5524 BRUSHY MEADOWS DR,G,32,32,50,8,BLANK,
HSP.01.05.08 48,48,4620 BRUSHY MEADOWS DR,5524 BRUSHY MEADOWS DR,H,105,105,50,8,BLANK,
HSP.01.05.08 48,48,4620 BRUSHY MEADOWS DR,5524 BRUSHY MEADOWS DR,I,193,193,50,8,48,
HSP.01.05.08 48,48,4620 BRUSHY MEADOWS DR,5524 BRUSHY MEADOWS DR,J,44,44,50,8,BLANK,
HSP.01.05.08 48,48,4620 BRUSHY MEADOWS DR,5524 BRUSHY MEADOWS DR,K,21,21,50,8,BLANK,
HSP.01.05.08 48,48,4620 BRUSHY MEADOWS DR,5524 BRUSHY MEADOWS DR,L,333,333,50,8,48,
HSP.01.05.08 48,48,4620 BRUSHY MEADOWS DR,5524 BRUSHY MEADOWS DR,M,224,224,50,8,BLANK,
HSP.01.05.08 48,48,4620 BRUSHY MEADOWS DR,5524 BRUSHY MEADOWS DR,N,44,44,50,8,BLANK,
HSP.01.05.09 48,48,5408 W OAKS DR,5524 JOHNSON POND RD,ANCHOR,0,–,50,–,–,"Row 15 anchor — SPAN always 0, STORAGE always 50"
HSP.01.05.09 48,48,5408 W OAKS DR,5524 JOHNSON POND RD,A,237,237,50,12,96,⚠️ CHECKBOX MISMATCH
HSP.01.05.09 48,48,5408 W OAKS DR,5524 JOHNSON POND RD,A,228,228,50,13,96,⚠️ CHECKBOX MISMATCH
HSP.01.05.09 48,48,5408 W OAKS DR,5524 JOHNSON POND RD,B,51,51,50,13,BLANK,
HSP.01.05.09 48,48,5408 W OAKS DR,5524 JOHNSON POND RD,B,53,53,50,12,BLANK,
HSP.01.05.09 48,48,5408 W OAKS DR,5524 JOHNSON POND RD,C,57,57,50,12,BLANK,
HSP.01.05.09 48,48,5408 W OAKS DR,5524 JOHNSON POND RD,C,363,363,50,13,96,⚠️ CHECKBOX MISMATCH
HSP.01.05.09 48,48,5408 W OAKS DR,5524 JOHNSON POND RD,D,119,119,50,12,96,⚠️ CHECKBOX MISMATCH
HSP.01.05.09 48,48,5408 W OAKS DR,5524 JOHNSON POND RD,D,47,47,50,13,BLANK,
HSP.01.05.09 48,48,5408 W OAKS DR,5524 JOHNSON POND RD,E,265,265,50,13,96,⚠️ CHECKBOX MISMATCH
HSP.01.05.09 48,48,5408 W OAKS DR,5524 JOHNSON POND RD,F,343,343,50,11,96,⚠️ CHECKBOX MISMATCH
HSP.01.05.09 48,48,5408 W OAKS DR,5524 JOHNSON POND RD,F,255,255,50,13,96,⚠️ CHECKBOX MISMATCH
HSP.01.05.09 48,48,5408 W OAKS DR,5524 JOHNSON POND RD,G,182,182,50,13,48,
HSP.01.05.09 48,48,5408 W OAKS DR,5524 JOHNSON POND RD,H,129,129,50,13,48,
HSP.01.05.09 48,48,5408 W OAKS DR,5524 JOHNSON POND RD,I,44,44,50,13,BLANK,
HSP.01.05.09 48,48,5408 W OAKS DR,5524 JOHNSON POND RD,I,190,190,50,10,96,⚠️ CHECKBOX MISMATCH
HSP.01.05.09 48,48,5408 W OAKS DR,5524 JOHNSON POND RD,J,30,30,50,13,BLANK,
HSP.01.05.09 48,48,5408 W OAKS DR,5524 JOHNSON POND RD,K,86,86,50,13,48,
HSP.01.05.09 48,48,5408 W OAKS DR,5524 JOHNSON POND RD,L,41,41,50,13,BLANK,
HSP.01.05.10 48,48,5400 WYNDCHASE CT,4700 WESTBRAE CT,ANCHOR,0,–,50,–,–,"Row 15 anchor — SPAN always 0, STORAGE always 50"
HSP.01.05.10 48,48,5400 WYNDCHASE CT,4700 WESTBRAE CT,A,87,87,50,14,48,
HSP.01.05.10 48,48,5400 WYNDCHASE CT,4700 WESTBRAE CT,B,47,47,50,14,BLANK,
HSP.01.05.10 48,48,5400 WYNDCHASE CT,4700 WESTBRAE CT,C,271,271,50,14,48,
HSP.01.05.10 48,48,5400 WYNDCHASE CT,4700 WESTBRAE CT,D,67,67,50,14,48,
HSP.01.05.10 48,48,5400 WYNDCHASE CT,4700 WESTBRAE CT,E,57,57,50,14,BLANK,
HSP.01.05.10 48,48,5400 WYNDCHASE CT,4700 WESTBRAE CT,F,115,115,50,14,48,
HSP.01.05.10 48,48,5400 WYNDCHASE CT,4700 WESTBRAE CT,G,43,43,50,14,BLANK,
HSP.01.05.10 48,48,5400 WYNDCHASE CT,4700 WESTBRAE CT,H,334,334,50,14,48,
HSP.01.05.10 48,48,5400 WYNDCHASE CT,4700 WESTBRAE CT,J,144,144,50,14,BLANK,
HSP.01.05.10 48,48,5400 WYNDCHASE CT,4700 WESTBRAE CT,K,36,36,50,14,BLANK,
HSP.01.05.10 48,48,5400 WYNDCHASE CT,4700 WESTBRAE CT,L,189,189,50,14,BLANK,
HSP.01.05.10 48,48,5400 WYNDCHASE CT,4700 WESTBRAE CT,M,218,218,50,13,48,
HSP.01.05.10 48,48,5400 WYNDCHASE CT,4700 WESTBRAE CT,M,55,55,50,14,BLANK,
HSP.01.05.10 48,48,5400 WYNDCHASE CT,4700 WESTBRAE CT,N,210,210,50,14,48,
HSP.01.05.11 48,48,5201 W OAKS DR,5412 BRUSHY MEADOWS DR,ANCHOR,0,–,50,–,–,"Row 15 anchor — SPAN always 0, STORAGE always 50"
HSP.01.05.11 48,48,5201 W OAKS DR,5412 BRUSHY MEADOWS DR,A,582,582,50,16,48,
HSP.01.05.11 48,48,5201 W OAKS DR,5412 BRUSHY MEADOWS DR,A,197,197,50,15,48,
HSP.01.05.11 48,48,5201 W OAKS DR,5412 BRUSHY MEADOWS DR,B,212,212,50,16,BLANK,
HSP.01.05.11 48,48,5201 W OAKS DR,5412 BRUSHY MEADOWS DR,B,48,48,50,15,BLANK,
HSP.01.05.11 48,48,5201 W OAKS DR,5412 BRUSHY MEADOWS DR,C,62,62,50,15,BLANK,
HSP.01.05.11 48,48,5201 W OAKS DR,5412 BRUSHY MEADOWS DR,C,202,202,50,16,BLANK,
HSP.01.05.11 48,48,5201 W OAKS DR,5412 BRUSHY MEADOWS DR,D,47,47,50,15,48,
HSP.01.05.11 48,48,5201 W OAKS DR,5412 BRUSHY MEADOWS DR,D,40,40,50,26,BLANK,
HSP.01.05.11 48,48,5201 W OAKS DR,5412 BRUSHY MEADOWS DR,D,69,69,50,16,BLANK,
HSP.01.05.11 48,48,5201 W OAKS DR,5412 BRUSHY MEADOWS DR,E,44,44,50,15,BLANK,
HSP.01.05.11 48,48,5201 W OAKS DR,5412 BRUSHY MEADOWS DR,E,41,41,50,26,BLANK,
HSP.01.05.11 48,48,5201 W OAKS DR,5412 BRUSHY MEADOWS DR,F,157,157,50,15,48,
HSP.01.05.11 48,48,5201 W OAKS DR,5412 BRUSHY MEADOWS DR,F,132,132,50,26,BLANK,
HSP.01.05.11 48,48,5201 W OAKS DR,5412 BRUSHY MEADOWS DR,G,64,64,50,15,48,
HSP.01.05.11 48,48,5201 W OAKS DR,5412 BRUSHY MEADOWS DR,G,75,75,50,26,BLANK,
HSP.01.05.11 48,48,5201 W OAKS DR,5412 BRUSHY MEADOWS DR,H,41,41,50,15,BLANK,
HSP.01.05.11 48,48,5201 W OAKS DR,5412 BRUSHY MEADOWS DR,I,298,298,50,15,48,
HSP.01.05.11 48,48,5201 W OAKS DR,5412 BRUSHY MEADOWS DR,J,70,70,50,15,48,
HSP.01.05.11 48,48,5201 W OAKS DR,5412 BRUSHY MEADOWS DR,L,67,67,50,15,BLANK,
HSP.01.05.11 48,48,5201 W OAKS DR,5412 BRUSHY MEADOWS DR,M,251,251,50,15,48,
HSP.01.05.12 48,48,5109 BRITON PL,3021 BENTWILLOW DR,ANCHOR,0,–,50,–,–,"Row 15 anchor — SPAN always 0, STORAGE always 50"
HSP.01.05.12 48,48,5109 BRITON PL,3021 BENTWILLOW DR,A,214,214,50,18,BLANK,
HSP.01.05.12 48,48,5109 BRITON PL,3021 BENTWILLOW DR,A,245,245,50,17,48,
HSP.01.05.12 48,48,5109 BRITON PL,3021 BENTWILLOW DR,B,138,138,50,17,48,
HSP.01.05.12 48,48,5109 BRITON PL,3021 BENTWILLOW DR,B,42,42,50,18,BLANK,
HSP.01.05.12 48,48,5109 BRITON PL,3021 BENTWILLOW DR,C,215,215,50,17,48,
HSP.01.05.12 48,48,5109 BRITON PL,3021 BENTWILLOW DR,C,45,45,50,18,BLANK,
HSP.01.05.12 48,48,5109 BRITON PL,3021 BENTWILLOW DR,D,80,80,50,18,BLANK,
HSP.01.05.12 48,48,5109 BRITON PL,3021 BENTWILLOW DR,D,28,28,50,17,48,
HSP.01.05.12 48,48,5109 BRITON PL,3021 BENTWILLOW DR,E,28,28,50,17,BLANK,
HSP.01.05.12 48,48,5109 BRITON PL,3021 BENTWILLOW DR,F,186,186,50,17,48,
HSP.01.05.12 48,48,5109 BRITON PL,3021 BENTWILLOW DR,G,10,10,50,17,BLANK,
HSP.01.05.12 48,48,5109 BRITON PL,3021 BENTWILLOW DR,H,38,38,50,17,BLANK,
HSP.01.05.12 48,48,5109 BRITON PL,3021 BENTWILLOW DR,I,90,90,50,14,BLANK,
HSP.01.05.12 48,48,5109 BRITON PL,3021 BENTWILLOW DR,K,329,329,50,15,48,
HSP.01.05.12 48,48,5109 BRITON PL,3021 BENTWILLOW DR,O,186,186,50,14,48,
HSP.01.05.12 48,48,5109 BRITON PL,3021 BENTWILLOW DR,P,255,255,50,14,48,
HSP.01.05.12 48,48,5109 BRITON PL,3021 BENTWILLOW DR,Q,211,211,50,14,BLANK,
HSP.01.05.13 48,48,3105 DOULTON LN,5105 HEREZ PL,ANCHOR,0,–,50,–,–,"Row 15 anchor — SPAN always 0, STORAGE always 50"
HSP.01.05.13 48,48,3105 DOULTON LN,5105 HEREZ PL,A,218,218,50,20,48,
HSP.01.05.13 48,48,3105 DOULTON LN,5105 HEREZ PL,A,225,225,50,19,48,
HSP.01.05.13 48,48,3105 DOULTON LN,5105 HEREZ PL,B,51,51,50,19,BLANK,
HSP.01.05.13 48,48,3105 DOULTON LN,5105 HEREZ PL,B,42,42,50,20,BLANK,
HSP.01.05.13 48,48,3105 DOULTON LN,5105 HEREZ PL,C,26,26,50,20,BLANK,
HSP.01.05.13 48,48,3105 DOULTON LN,5105 HEREZ PL,C,35,35,50,19,BLANK,
HSP.01.05.13 48,48,3105 DOULTON LN,5105 HEREZ PL,D,284,284,50,20,48,
HSP.01.05.13 48,48,3105 DOULTON LN,5105 HEREZ PL,D,267,267,50,19,BLANK,
HSP.01.05.13 48,48,3105 DOULTON LN,5105 HEREZ PL,E,44,44,50,20,48,
HSP.01.05.13 48,48,3105 DOULTON LN,5105 HEREZ PL,E,41,41,50,19,BLANK,
HSP.01.05.13 48,48,3105 DOULTON LN,5105 HEREZ PL,F,24,24,50,19,48,
HSP.01.05.13 48,48,3105 DOULTON LN,5105 HEREZ PL,F,42,42,50,20,BLANK,
HSP.01.05.13 48,48,3105 DOULTON LN,5105 HEREZ PL,G,88,88,50,20,48,
HSP.01.05.13 48,48,3105 DOULTON LN,5105 HEREZ PL,G,189,189,50,19,48,
HSP.01.05.13 48,48,3105 DOULTON LN,5105 HEREZ PL,H,200,200,50,19,48,
HSP.01.05.13 48,48,3105 DOULTON LN,5105 HEREZ PL,H,203,203,50,20,BLANK,
HSP.01.05.13 48,48,3105 DOULTON LN,5105 HEREZ PL,I,82,82,50,20,BLANK,
HSP.01.05.13 48,48,3105 DOULTON LN,5105 HEREZ PL,I,53,53,50,19,BLANK,
HSP.01.05.13 48,48,3105 DOULTON LN,5105 HEREZ PL,J,118,118,50,19,48,
HSP.01.05.13 48,48,3105 DOULTON LN,5105 HEREZ PL,J,331,331,50,20,48,
HSP.01.05.13 48,48,3105 DOULTON LN,5105 HEREZ PL,L,80,80,50,20,BLANK,
HSP.01.05.13 48,48,3105 DOULTON LN,5105 HEREZ PL,M,283,283,50,20,BLANK,
HSP.01.05.14 48,48,3105 KENTLAND LN,5004 HERDER PL,ANCHOR,0,–,50,–,–,"Row 15 anchor — SPAN always 0, STORAGE always 50"
HSP.01.05.14 48,48,3105 KENTLAND LN,5004 HERDER PL,A,79,79,15,21,48,
HSP.01.05.14 48,48,3105 KENTLAND LN,5004 HERDER PL,B,51,51,50,21,BLANK,
HSP.01.05.14 48,48,3105 KENTLAND LN,5004 HERDER PL,C,9,9,50,21,BLANK,
HSP.01.05.14 48,48,3105 KENTLAND LN,5004 HERDER PL,D,277,277,50,21,48,
HSP.01.05.14 48,48,3105 KENTLAND LN,5004 HERDER PL,F,175,175,50,21,BLANK,
HSP.01.05.14 48,48,3105 KENTLAND LN,5004 HERDER PL,G,77,77,50,21,BLANK,
HSP.01.05.14 48,48,3105 KENTLAND LN,5004 HERDER PL,H,188,188,50,21,48,
HSP.01.05.14 48,48,3105 KENTLAND LN,5004 HERDER PL,I,54,54,50,21,BLANK,
HSP.01.05.14 48,48,3105 KENTLAND LN,5004 HERDER PL,J,65,65,50,21,BLANK,
HSP.01.05.14 48,48,3105 KENTLAND LN,5004 HERDER PL,K,207,207,50,19,48,
HSP.01.05.15 48,48,5001 SHIMBERG PL,3224 DOULTON LN,ANCHOR,0,–,50,–,–,"Row 15 anchor — SPAN always 0, STORAGE always 50"
HSP.01.05.15 48,48,5001 SHIMBERG PL,3224 DOULTON LN,A,179,179,50,22,48,
HSP.01.05.15 48,48,5001 SHIMBERG PL,3224 DOULTON LN,A,179,179,50,33,BLANK,
HSP.01.05.15 48,48,5001 SHIMBERG PL,3224 DOULTON LN,B,76,76,50,33,BLANK,
HSP.01.05.15 48,48,5001 SHIMBERG PL,3224 DOULTON LN,B,167,167,50,22,48,
HSP.01.05.15 48,48,5001 SHIMBERG PL,3224 DOULTON LN,C,41,41,50,22,BLANK,
HSP.01.05.15 48,48,5001 SHIMBERG PL,3224 DOULTON LN,D,86,86,50,22,48,
HSP.01.05.15 48,48,5001 SHIMBERG PL,3224 DOULTON LN,E,125,125,50,22,48,
HSP.01.05.15 48,48,5001 SHIMBERG PL,3224 DOULTON LN,E,203,203,50,21,48,
HSP.01.05.15 48,48,5001 SHIMBERG PL,3224 DOULTON LN,F,36,36,50,22,48,
HSP.01.05.15 48,48,5001 SHIMBERG PL,3224 DOULTON LN,G,41,41,50,22,BLANK,
HSP.01.05.15 48,48,5001 SHIMBERG PL,3224 DOULTON LN,H,168,168,50,22,48,
HSP.01.05.15 48,48,5001 SHIMBERG PL,3224 DOULTON LN,I,84,84,50,22,BLANK,
HSP.01.05.15 48,48,5001 SHIMBERG PL,3224 DOULTON LN,K,75,75,50,20,BLANK,
HSP.01.05.16 48,48,3240 BROZAK DR,3241 BENTWILLOW DR,ANCHOR,0,–,50,–,–,"Row 15 anchor — SPAN always 0, STORAGE always 50"
HSP.01.05.16 48,48,3240 BROZAK DR,3241 BENTWILLOW DR,K,354,354,50,21,48,
HSP.01.05.16 48,48,3240 BROZAK DR,3241 BENTWILLOW DR,L,79,79,50,21,48,
HSP.01.05.16 48,48,3240 BROZAK DR,3241 BENTWILLOW DR,M,293,293,50,21,48,
HSP.01.05.16 48,48,3240 BROZAK DR,3241 BENTWILLOW DR,N,135,135,50,21,48,
HSP.01.05.16 48,48,3240 BROZAK DR,3241 BENTWILLOW DR,O,51,51,50,21,BLANK,
HSP.01.05.16 48,48,3240 BROZAK DR,3241 BENTWILLOW DR,P,227,227,50,21,48,
HSP.01.05.17 48,48,5101 WOLCOTT CT,3008 BROZAK DR,ANCHOR,0,–,50,–,–,"Row 15 anchor — SPAN always 0, STORAGE always 50"
HSP.01.05.17 48,48,5101 WOLCOTT CT,3008 BROZAK DR,E,54,54,50,16,BLANK,
HSP.01.05.17 48,48,5101 WOLCOTT CT,3008 BROZAK DR,F,145,145,50,16,BLANK,
HSP.01.05.17 48,48,5101 WOLCOTT CT,3008 BROZAK DR,G,54,54,50,16,BLANK,
HSP.01.05.17 48,48,5101 WOLCOTT CT,3008 BROZAK DR,H,194,194,50,16,BLANK,
HSP.01.05.17 48,48,5101 WOLCOTT CT,3008 BROZAK DR,I,381,381,50,16,48,
HSP.01.05.17 48,48,5101 WOLCOTT CT,3008 BROZAK DR,J,27,27,50,16,BLANK,
HSP.01.05.17 48,48,5101 WOLCOTT CT,3008 BROZAK DR,K,41,41,50,16,BLANK,
HSP.01.05.17 48,48,5101 WOLCOTT CT,3008 BROZAK DR,L,282,282,50,16,BLANK,
HSP.01.05.17 48,48,5101 WOLCOTT CT,3008 BROZAK DR,M,73,73,50,16,BLANK,
HSP.01.05.18 48,48,3313 BENTWILLOW DR,5000 DAVISTON CT,ANCHOR,0,–,50,–,–,"Row 15 anchor — SPAN always 0, STORAGE always 50"
HSP.01.05.18 48,48,3313 BENTWILLOW DR,5000 DAVISTON CT,A,235,235,50,23,48,
HSP.01.05.18 48,48,3313 BENTWILLOW DR,5000 DAVISTON CT,B,140,140,50,23,48,
HSP.01.05.18 48,48,3313 BENTWILLOW DR,5000 DAVISTON CT,C,54,54,50,23,BLANK,
HSP.01.05.18 48,48,3313 BENTWILLOW DR,5000 DAVISTON CT,D,13,13,50,23,BLANK,
HSP.01.05.18 48,48,3313 BENTWILLOW DR,5000 DAVISTON CT,E,235,235,50,23,BLANK,
HSP.01.05.18 48,48,3313 BENTWILLOW DR,5000 DAVISTON CT,F,60,60,50,23,BLANK,
HSP.01.05.18 48,48,3313 BENTWILLOW DR,5000 DAVISTON CT,G,272,272,50,23,48,
HSP.01.05.18 48,48,3313 BENTWILLOW DR,5000 DAVISTON CT,H,46,46,50,23,BLANK,
HSP.01.05.18 48,48,3313 BENTWILLOW DR,5000 DAVISTON CT,I,123,123,50,23,48,
HSP.01.05.18 48,48,3313 BENTWILLOW DR,5000 DAVISTON CT,J,41,41,50,23,BLANK,
HSP.01.05.18 48,48,3313 BENTWILLOW DR,5000 DAVISTON CT,K,114,114,50,23,48,
HSP.01.05.18 48,48,3313 BENTWILLOW DR,5000 DAVISTON CT,L,46,46,50,23,48,
HSP.01.05.18 48,48,3313 BENTWILLOW DR,5000 DAVISTON CT,M,41,41,50,23,BLANK,
HSP.01.05.18 48,48,3313 BENTWILLOW DR,5000 DAVISTON CT,N,33,33,50,23,BLANK,
HSP.01.05.18 48,48,3313 BENTWILLOW DR,5000 DAVISTON CT,O,393,393,50,23,BLANK,
HSP.01.05.18 48,48,3313 BENTWILLOW DR,5000 DAVISTON CT,P,71,71,50,23,BLANK,
HSP.01.05.19 48,48,5736 METALMARK DR,5701 METALMARK DR,ANCHOR,0,–,50,–,–,"Row 15 anchor — SPAN always 0, STORAGE always 50"
HSP.01.05.19 48,48,5736 METALMARK DR,5701 METALMARK DR,A,104,104,50,4,48,
HSP.01.05.19 48,48,5736 METALMARK DR,5701 METALMARK DR,A,278,278,50,2,144,⚠️ CHECKBOX MISMATCH
HSP.01.05.19 48,48,5736 METALMARK DR,5701 METALMARK DR,B,457,457,50,2,144,⚠️ CHECKBOX MISMATCH
HSP.01.05.19 48,48,5736 METALMARK DR,5701 METALMARK DR,B,241,241,50,4,BLANK,
HSP.01.05.19 48,48,5736 METALMARK DR,5701 METALMARK DR,C,266,266,50,2,96,⚠️ CHECKBOX MISMATCH
HSP.01.05.19 48,48,5736 METALMARK DR,5701 METALMARK DR,C,44,44,50,4,BLANK,
HSP.01.05.19 48,48,5736 METALMARK DR,5701 METALMARK DR,D,39,39,50,2,BLANK,
HSP.01.05.19 48,48,5736 METALMARK DR,5701 METALMARK DR,D,162,162,50,4,BLANK,
HSP.01.05.19 48,48,5736 METALMARK DR,5701 METALMARK DR,E,60,60,50,4,48,
HSP.01.05.19 48,48,5736 METALMARK DR,5701 METALMARK DR,E,477,477,50,2,48,
HSP.01.05.19 48,48,5736 METALMARK DR,5701 METALMARK DR,E,137,137,50,1,144,⚠️ CHECKBOX MISMATCH
HSP.01.05.19 48,48,5736 METALMARK DR,5701 METALMARK DR,F,88,88,50,4,48,
HSP.01.05.19 48,48,5736 METALMARK DR,5701 METALMARK DR,F,242,242,50,2,48,
HSP.01.05.19 48,48,5736 METALMARK DR,5701 METALMARK DR,F,58,58,50,1,BLANK,
HSP.01.05.19 48,48,5736 METALMARK DR,5701 METALMARK DR,G,93,93,50,2,BLANK,
HSP.01.05.19 48,48,5736 METALMARK DR,5701 METALMARK DR,G,45,45,50,4,BLANK,
HSP.01.05.19 48,48,5736 METALMARK DR,5701 METALMARK DR,H,23,23,50,4,BLANK,
HSP.01.05.19 48,48,5736 METALMARK DR,5701 METALMARK DR,I,247,247,50,4,BLANK,
HSP.01.05.20 48,48,4728 SHADY GREENS DR,5416 BRUSHY MEADOWS DR,ANCHOR,0,–,50,–,–,"Row 15 anchor — SPAN always 0, STORAGE always 50"
HSP.01.05.20 48,48,4728 SHADY GREENS DR,5416 BRUSHY MEADOWS DR,A,89,89,50,26,48,
HSP.01.05.20 48,48,4728 SHADY GREENS DR,5416 BRUSHY MEADOWS DR,A,28,28,50,25,48,
HSP.01.05.20 48,48,4728 SHADY GREENS DR,5416 BRUSHY MEADOWS DR,B,41,41,50,26,BLANK,
HSP.01.05.20 48,48,4728 SHADY GREENS DR,5416 BRUSHY MEADOWS DR,B,41,41,50,25,BLANK,
HSP.01.05.20 48,48,4728 SHADY GREENS DR,5416 BRUSHY MEADOWS DR,B,65,65,50,24,48,
HSP.01.05.20 48,48,4728 SHADY GREENS DR,5416 BRUSHY MEADOWS DR,C,162,162,50,26,48,
HSP.01.05.20 48,48,4728 SHADY GREENS DR,5416 BRUSHY MEADOWS DR,C,210,210,50,25,48,
HSP.01.05.20 48,48,4728 SHADY GREENS DR,5416 BRUSHY MEADOWS DR,C,41,41,50,24,BLANK,
HSP.01.05.20 48,48,4728 SHADY GREENS DR,5416 BRUSHY MEADOWS DR,D,30,30,50,25,48,
HSP.01.05.20 48,48,4728 SHADY GREENS DR,5416 BRUSHY MEADOWS DR,D,164,164,50,24,48,
HSP.01.05.20 48,48,4728 SHADY GREENS DR,5416 BRUSHY MEADOWS DR,E,62,62,50,24,48,
HSP.01.05.20 48,48,4728 SHADY GREENS DR,5416 BRUSHY MEADOWS DR,E,39,39,50,25,BLANK,
HSP.01.05.20 48,48,4728 SHADY GREENS DR,5416 BRUSHY MEADOWS DR,F,178,178,50,25,48,
HSP.01.05.20 48,48,4728 SHADY GREENS DR,5416 BRUSHY MEADOWS DR,F,262,262,50,24,48,
HSP.01.05.20 48,48,4728 SHADY GREENS DR,5416 BRUSHY MEADOWS DR,G,258,258,50,24,48,
HSP.01.05.20 48,48,4728 SHADY GREENS DR,5416 BRUSHY MEADOWS DR,H,157,157,15,24,BLANK,
HSP.01.05.20 48,48,4728 SHADY GREENS DR,5416 BRUSHY MEADOWS DR,I,73,73,50,24,BLANK,
HSP.01.05.20 48,48,4728 SHADY GREENS DR,5416 BRUSHY MEADOWS DR,J,75,75,50,24,48,
HSP.01.05.20 48,48,4728 SHADY GREENS DR,5416 BRUSHY MEADOWS DR,K,132,132,50,24,48,
HSP.01.05.20 48,48,4728 SHADY GREENS DR,5416 BRUSHY MEADOWS DR,L,41,41,50,24,BLANK,
HSP.01.05.20 48,48,4728 SHADY GREENS DR,5416 BRUSHY MEADOWS DR,M,114,114,50,24,48,
HSP.01.05.20 48,48,4728 SHADY GREENS DR,5416 BRUSHY MEADOWS DR,N,82,82,50,24,48,
HSP.01.05.20 48,48,4728 SHADY GREENS DR,5416 BRUSHY MEADOWS DR,O,42,42,50,24,BLANK,
HSP.01.05.20 48,48,4728 SHADY GREENS DR,5416 BRUSHY MEADOWS DR,P,136,136,50,24,48,
HSP.01.05.21 48,48,5232 CROOKED BLUFF LN,5204 CROOKED BLUFF LN,ANCHOR,0,–,50,–,–,"Row 15 anchor — SPAN always 0, STORAGE always 50"
HSP.01.05.21 48,48,5232 CROOKED BLUFF LN,5204 CROOKED BLUFF LN,A,98,98,50,28,48,
HSP.01.05.21 48,48,5232 CROOKED BLUFF LN,5204 CROOKED BLUFF LN,A,99,99,50,27,48,
HSP.01.05.21 48,48,5232 CROOKED BLUFF LN,5204 CROOKED BLUFF LN,B,47,47,50,28,BLANK,
HSP.01.05.21 48,48,5232 CROOKED BLUFF LN,5204 CROOKED BLUFF LN,B,44,44,50,27,BLANK,
HSP.01.05.21 48,48,5232 CROOKED BLUFF LN,5204 CROOKED BLUFF LN,C,46,46,50,28,BLANK,
HSP.01.05.21 48,48,5232 CROOKED BLUFF LN,5204 CROOKED BLUFF LN,C,15,15,50,27,BLANK,
HSP.01.05.21 48,48,5232 CROOKED BLUFF LN,5204 CROOKED BLUFF LN,D,261,261,50,28,BLANK,
HSP.01.05.21 48,48,5232 CROOKED BLUFF LN,5204 CROOKED BLUFF LN,D,40,40,50,27,BLANK,
HSP.01.05.21 48,48,5232 CROOKED BLUFF LN,5204 CROOKED BLUFF LN,E,139,139,50,27,48,
HSP.01.05.21 48,48,5232 CROOKED BLUFF LN,5204 CROOKED BLUFF LN,E,56,56,50,28,BLANK,
HSP.01.05.21 48,48,5232 CROOKED BLUFF LN,5204 CROOKED BLUFF LN,F,74,74,50,28,48,
HSP.01.05.21 48,48,5232 CROOKED BLUFF LN,5204 CROOKED BLUFF LN,F,106,106,50,27,48,
HSP.01.05.21 48,48,5232 CROOKED BLUFF LN,5204 CROOKED BLUFF LN,G,151,151,50,27,48,
HSP.01.05.21 48,48,5232 CROOKED BLUFF LN,5204 CROOKED BLUFF LN,G,45,45,50,28,BLANK,
HSP.01.05.21 48,48,5232 CROOKED BLUFF LN,5204 CROOKED BLUFF LN,H,41,41,50,27,48,
HSP.01.05.21 48,48,5232 CROOKED BLUFF LN,5204 CROOKED BLUFF LN,H,169,169,50,28,48,
HSP.01.05.21 48,48,5232 CROOKED BLUFF LN,5204 CROOKED BLUFF LN,I,44,44,50,27,BLANK,
HSP.01.05.21 48,48,5232 CROOKED BLUFF LN,5204 CROOKED BLUFF LN,I,43,43,50,28,48,
HSP.01.05.21 48,48,5232 CROOKED BLUFF LN,5204 CROOKED BLUFF LN,J,255,255,50,28,48,
HSP.01.05.21 48,48,5232 CROOKED BLUFF LN,5204 CROOKED BLUFF LN,J,118,118,50,27,48,
HSP.01.05.21 48,48,5232 CROOKED BLUFF LN,5204 CROOKED BLUFF LN,K,87,87,50,28,BLANK,
HSP.01.05.21 48,48,5232 CROOKED BLUFF LN,5204 CROOKED BLUFF LN,K,485,485,50,27,48,
HSP.01.05.21 48,48,5232 CROOKED BLUFF LN,5204 CROOKED BLUFF LN,L,177,177,50,28,BLANK,
HSP.01.05.21 48,48,5232 CROOKED BLUFF LN,5204 CROOKED BLUFF LN,M,32,32,50,28,BLANK,
HSP.01.05.21 48,48,5232 CROOKED BLUFF LN,5204 CROOKED BLUFF LN,N,42,42,50,28,BLANK,
HSP.01.05.21 48,48,5232 CROOKED BLUFF LN,5204 CROOKED BLUFF LN,O,154,154,50,28,BLANK,
HSP.01.05.22 48,48,5409 LINARIA LN,5441 GREENSFLAG LN,ANCHOR,0,–,50,–,–,"Row 15 anchor — SPAN always 0, STORAGE always 50"
HSP.01.05.22 48,48,5409 LINARIA LN,5441 GREENSFLAG LN,A,13,13,50,29,48,
HSP.01.05.22 48,48,5409 LINARIA LN,5441 GREENSFLAG LN,B,42,42,50,29,BLANK,
HSP.01.05.22 48,48,5409 LINARIA LN,5441 GREENSFLAG LN,C,96,96,50,29,48,
HSP.01.05.22 48,48,5409 LINARIA LN,5441 GREENSFLAG LN,D,193,193,50,29,BLANK,
HSP.01.05.22 48,48,5409 LINARIA LN,5441 GREENSFLAG LN,E,63,63,50,29,BLANK,
HSP.01.05.22 48,48,5409 LINARIA LN,5441 GREENSFLAG LN,F,136,136,50,29,48,
HSP.01.05.22 48,48,5409 LINARIA LN,5441 GREENSFLAG LN,G,99,99,50,29,48,
HSP.01.05.22 48,48,5409 LINARIA LN,5441 GREENSFLAG LN,H,42,42,50,29,BLANK,
HSP.01.05.22 48,48,5409 LINARIA LN,5441 GREENSFLAG LN,I,39,39,50,29,BLANK,
HSP.01.05.22 48,48,5409 LINARIA LN,5441 GREENSFLAG LN,J,60,60,50,30,48,
HSP.01.05.22 48,48,5409 LINARIA LN,5441 GREENSFLAG LN,J,159,159,50,29,48,
HSP.01.05.22 48,48,5409 LINARIA LN,5441 GREENSFLAG LN,K,147,147,50,29,BLANK,
HSP.01.05.22 48,48,5409 LINARIA LN,5441 GREENSFLAG LN,L,110,110,50,29,BLANK,
HSP.01.05.22 48,48,5409 LINARIA LN,5441 GREENSFLAG LN,L,167,167,50,27,48,
HSP.01.05.22 48,48,5409 LINARIA LN,5441 GREENSFLAG LN,M,88,88,50,29,BLANK,
HSP.01.05.22 48,48,5409 LINARIA LN,5441 GREENSFLAG LN,M,50,50,50,27,48,
HSP.01.05.22 48,48,5409 LINARIA LN,5441 GREENSFLAG LN,N,43,43,50,27,BLANK,
HSP.01.05.22 48,48,5409 LINARIA LN,5441 GREENSFLAG LN,O,103,103,50,27,48,
HSP.01.05.22 48,48,5409 LINARIA LN,5441 GREENSFLAG LN,P,127,127,50,27,48,
HSP.01.05.22 48,48,5409 LINARIA LN,5441 GREENSFLAG LN,Q,264,264,50,27,48,
HSP.01.05.23 48,48,4725 LINARIA LN,4700 LINARIA LN,ANCHOR,0,–,50,–,–,"Row 15 anchor — SPAN always 0, STORAGE always 50"
HSP.01.05.23 48,48,4725 LINARIA LN,4700 LINARIA LN,G,139,139,50,30,48,
HSP.01.05.23 48,48,4725 LINARIA LN,4700 LINARIA LN,H,144,144,50,30,48,
HSP.01.05.23 48,48,4725 LINARIA LN,4700 LINARIA LN,I,42,42,50,30,BLANK,
HSP.01.05.23 48,48,4725 LINARIA LN,4700 LINARIA LN,K,177,177,50,30,48,
HSP.01.05.23 48,48,4725 LINARIA LN,4700 LINARIA LN,L,177,177,50,30,48,
HSP.01.05.23 48,48,4725 LINARIA LN,4700 LINARIA LN,M,21,21,50,30,48,
HSP.01.05.23 48,48,4725 LINARIA LN,4700 LINARIA LN,N,40,40,50,30,BLANK,
HSP.01.05.23 48,48,4725 LINARIA LN,4700 LINARIA LN,O,145,145,50,30,BLANK,
HSP.01.05.23 48,48,4725 LINARIA LN,4700 LINARIA LN,P,83,83,50,30,BLANK,
HSP.01.05.24 48,48,5465 BRUSHY MEADOWS DR,5516 BRUSHY MEADOWS DR,ANCHOR,0,–,50,–,–,"Row 15 anchor — SPAN always 0, STORAGE always 50"
HSP.01.05.24 48,48,5465 BRUSHY MEADOWS DR,5516 BRUSHY MEADOWS DR,A,93,93,50,24,48,
HSP.01.05.24 48,48,5465 BRUSHY MEADOWS DR,5516 BRUSHY MEADOWS DR,A,211,211,50,10,48,
HSP.01.05.24 48,48,5465 BRUSHY MEADOWS DR,5516 BRUSHY MEADOWS DR,B,42,42,50,10,BLANK,
HSP.01.05.24 48,48,5465 BRUSHY MEADOWS DR,5516 BRUSHY MEADOWS DR,C,43,43,50,10,BLANK,
HSP.01.05.24 48,48,5465 BRUSHY MEADOWS DR,5516 BRUSHY MEADOWS DR,D,59,59,50,9,48,
HSP.01.05.24 48,48,5465 BRUSHY MEADOWS DR,5516 BRUSHY MEADOWS DR,D,53,53,50,10,BLANK,
HSP.01.05.24 48,48,5465 BRUSHY MEADOWS DR,5516 BRUSHY MEADOWS DR,E,60,60,50,10,96,⚠️ CHECKBOX MISMATCH
HSP.01.05.24 48,48,5465 BRUSHY MEADOWS DR,5516 BRUSHY MEADOWS DR,F,370,370,50,10,48,
HSP.01.05.24 48,48,5465 BRUSHY MEADOWS DR,5516 BRUSHY MEADOWS DR,G,120,120,50,10,96,⚠️ CHECKBOX MISMATCH
HSP.01.05.24 48,48,5465 BRUSHY MEADOWS DR,5516 BRUSHY MEADOWS DR,H,257,257,50,10,96,⚠️ CHECKBOX MISMATCH
HSP.01.05.24 48,48,5465 BRUSHY MEADOWS DR,5516 BRUSHY MEADOWS DR,J,308,308,50,10,BLANK,
"HSP.01,05.25 48",48,4621 HILLTOP NEEDMORE RD,4709 HILLTOP NEEDMORE RD,ANCHOR,0,–,50,–,–,"Row 15 anchor — SPAN always 0, STORAGE always 50"
"HSP.01,05.25 48",48,4621 HILLTOP NEEDMORE RD,4709 HILLTOP NEEDMORE RD,A,500,500,50,31,96,⚠️ CHECKBOX MISMATCH
"HSP.01,05.25 48",48,4621 HILLTOP NEEDMORE RD,4709 HILLTOP NEEDMORE RD,K,472,472,50,10,96,⚠️ CHECKBOX MISMATCH
HSP.01.05.26 48,48,4705 STABLEFORD CT,5436 WILLOW BRIDGE LN,ANCHOR,0,–,50,–,–,"Row 15 anchor — SPAN always 0, STORAGE always 50"
HSP.01.05.26 48,48,4705 STABLEFORD CT,5436 WILLOW BRIDGE LN,A,191,191,50,30,48,
HSP.01.05.26 48,48,4705 STABLEFORD CT,5436 WILLOW BRIDGE LN,B,135,135,50,30,48,
HSP.01.05.26 48,48,4705 STABLEFORD CT,5436 WILLOW BRIDGE LN,C,83,83,50,30,BLANK,
HSP.01.05.26 48,48,4705 STABLEFORD CT,5436 WILLOW BRIDGE LN,D,70,70,50,30,48,
HSP.01.05.26 48,48,4705 STABLEFORD CT,5436 WILLOW BRIDGE LN,E,40,40,50,30,BLANK,
HSP.01.05.26 48,48,4705 STABLEFORD CT,5436 WILLOW BRIDGE LN,F,140,140,50,30,48,
HSP.01.05.26 48,48,4705 STABLEFORD CT,5436 WILLOW BRIDGE LN,N,89,89,50,29,BLANK,
HSP.01.05.26 48,48,4705 STABLEFORD CT,5436 WILLOW BRIDGE LN,O,120,120,50,29,BLANK,
HSP.01.05.26 48,48,4705 STABLEFORD CT,5436 WILLOW BRIDGE LN,P,11,11,50,29,48,
HSP.01.05.26 48,48,4705 STABLEFORD CT,5436 WILLOW BRIDGE LN,Q,41,41,50,29,BLANK,
HSP.01.05.26 48,48,4705 STABLEFORD CT,5436 WILLOW BRIDGE LN,R,168,168,50,29,48,
HSP.01.05.26 48,48,4705 STABLEFORD CT,5436 WILLOW BRIDGE LN,S,75,75,50,29,48,
HSP.01.05.26 48,48,4705 STABLEFORD CT,5436 WILLOW BRIDGE LN,T,40,40,50,29,BLANK,
